particle_id,area_um2,diameter_um,overlap_percentage,has_fluorescence,centroid_x,centroid_y
1,3.2609608194920003,2.037641840267616,0.0,False,0.9963235294117647,44.83455882352941
2,345.230249110631,20.965705454537577,7.573968606750937,True,136.02937908042784,61.63994999305459
3,606.1430811496178,27.780664871224882,1.5289068217330248,False,361.9922862398386,105.50321406673392
4,4.6156982187662505,2.424229671193891,0.0,False,525.7714285714286,7.5064935064935066
5,1.342748572732,1.3075322487185856,0.0,False,557.1875,3.4642857142857144
6,532.0041778123438,26.02630894220295,0.0,False,734.6126422535211,82.26591549295775
7,1545.743383745377,44.36329115606003,0.3513479973939751,False,1045.4497176806378,197.03454534173054
8,0.7552960721617501,0.9806491865389393,0.0,False,526.3333333333334,19.158730158730158
9,2.69748597200625,1.8532527649855877,0.0,False,606.7911111111111,84.72888888888889
10,2.7814077578020004,1.881860342126022,0.0,False,603.7586206896551,82.91379310344827
11,2.7814077578020004,1.881860342126022,0.0,False,600.7068965517242,79.93103448275862
12,2.7814077578020004,1.881860342126022,0.0,False,597.6551724137931,76.94827586206897
13,2.7814077578020004,1.881860342126022,0.0,False,594.6034482758621,73.96551724137932
14,1.8582681140487503,1.5381873902510383,0.0,False,592.058064516129,71.47096774193548
15,2.7814077578020004,1.881860342126022,0.0,False,589.5129310344828,68.99568965517241
16,2.7814077578020004,1.881860342126022,0.0,False,586.4612068965517,66.01293103448276
17,1.8582681140487503,1.5381873902510383,0.0,False,583.916129032258,63.541935483870965
18,2.7454412781752504,1.869653551629547,0.0,False,581.3624454148471,60.54585152838428
19,2.7574301047175003,1.8737313177639803,0.0,False,578.3130434782609,57.7304347826087
20,5.490882556350501,2.644089409653531,0.0,False,573.731441048035,53.224890829694324
21,4.2680222490410005,2.3311402157074355,0.0,False,568.1573033707865,50.63202247191011
22,5.239117198963251,2.582760383237696,0.0,False,476.85812356979403,112.46453089244851
23,5.239117198963251,2.582760383237696,0.0,False,480.90389016018304,108.47597254004576
24,5.239117198963251,2.582760383237696,0.0,False,484.9496567505721,104.48741418764303
25,3.9443239324002506,2.2409973690250737,0.0,False,488.49240121580544,100.82978723404256
26,5.251106025505501,2.5857137980199383,0.0,False,492.0342465753425,97.38127853881278
27,5.251106025505501,2.5857137980199383,0.0,False,496.07990867579906,93.39269406392694
28,5.1671842397097505,2.5649684810793976,0.0,False,77.94199535962878,103.18561484918793
29,5.251106025505501,2.5857137980199383,0.0,False,500.1255707762557,89.4041095890411
30,5.26309485204775,2.5886638432440887,0.0,False,79.5990888382688,106.20273348519362
31,84.58117125557376,10.377480040097094,0.0,False,559.3652728561304,101.09071580439405
32,5.7546367402800005,2.706848917710471,0.0,False,524.4145833333333,51.47708333333333
33,5.26309485204775,2.5886638432440887,0.0,False,82.58997722095673,109.23006833712984
34,57.018859034941,8.520485087069087,0.0,False,517.9455424726661,121.24011774600504
35,5.275083678590001,2.5916105304169106,0.0,False,85.74545454545455,112.25681818181818
36,8.835765161638252,3.3541087656471578,0.0,False,90.08005427408412,116.29986431478969
37,5.2990613316745,2.597493876309422,0.0,False,94.05429864253394,120.33710407239819
38,5.2990613316745,2.597493876309422,0.0,False,97.04524886877829,123.36425339366515
39,5.2990613316745,2.597493876309422,0.0,False,100.03619909502262,126.39140271493213
40,5.2990613316745,2.597493876309422,0.0,False,103.02714932126698,129.4185520361991
41,3.5367038299637503,2.1220441028230663,0.0,False,105.52881355932203,131.94237288135594
42,5.2990613316745,2.597493876309422,0.0,False,108.01131221719457,134.4660633484163
43,5.2990613316745,2.597493876309422,0.0,False,111.00226244343891,137.49321266968326
44,5.311050158216751,2.6004305577179925,0.0,False,113.82618510158014,140.51918735891647
45,5.311050158216751,2.6004305577179925,0.0,False,116.81715575620767,143.54627539503386
46,5.311050158216751,2.6004305577179925,0.0,False,119.80812641083521,146.57336343115125
47,0.17983239813375002,0.4785078063401353,0.0,False,601.0,148.0
48,5.311050158216751,2.6004305577179925,0.0,False,122.79909706546276,149.6004514672686
49,3.548692656506,2.1256377448602843,1.0135135135135136,False,125.1891891891892,152.125
50,5.311050158216751,2.6004305577179925,2.708803611738149,False,127.78555304740406,154.65011286681715
51,5.311050158216751,2.6004305577179925,4.740406320541761,False,130.7765237020316,157.67720090293454
52,15.321720320995501,4.416811090149069,0.0,False,622.8763693270736,161.34898278560252
53,8.200357354899001,3.2312566077638043,0.0,False,791.780701754386,170.4546783625731
54,5.09525128045625,2.5470523003345202,0.0,False,790.1505882352941,174.4635294117647
55,0.29972066355625004,0.6177509216618626,0.0,False,609.16,174.72
56,1.678435715915,1.4618654954539598,0.0,False,609.8642857142858,179.75
57,5.239117198963251,2.582760383237696,0.0,False,789.1556064073227,177.47597254004577
58,17.263910220840003,4.688399853887363,0.0,False,514.3222222222222,182.22916666666666
59,3.51272617687925,2.1148384993254274,0.0,False,786.9965870307167,179.99317406143345
60,12.2525807261795,3.9497430683060406,0.0,False,782.7358121330724,184.5283757338552
61,1.3547373992742502,1.313356474643364,0.0,False,541.8495575221239,183.69911504424778
62,1.3547373992742502,1.313356474643364,0.0,False,539.8761061946902,185.75221238938053
63,1.3547373992742502,1.313356474643364,0.0,False,537.9026548672566,187.8053097345133
64,5.19116189279425,2.570912796076109,0.0,False,649.3048498845266,184.69745958429561
65,3.4048267379990005,2.082104715376236,0.0,False,780.2852112676056,189.06690140845072
66,1.0070614295490001,1.1323561436576883,0.0,False,483.6547619047619,195.26190476190476
67,1.3547373992742502,1.313356474643364,0.0,False,535.929203539823,189.858407079646
68,10.80193271456725,3.7085641280360067,0.0,False,471.1798002219756,197.26748057713652
69,0.7433072456195001,0.9728351242687119,0.0,False,641.983870967742,191.67741935483872
70,139.39408620674075,13.322239408622133,0.0,False,795.9102950030102,230.98727100713856
71,2.349810002281,1.7297025806532151,0.0,False,531.204081632653,192.7704081632653
72,0.7193295925350001,0.9570156126802706,0.0,False,451.1666666666667,193.16666666666666
73,0.23977653084500003,0.5525332215996288,0.0,False,448.05,195.7
74,1.342748572732,1.3075322487185856,0.0,False,439.88392857142856,194.99107142857142
75,0.335687143183,0.6537661243592928,0.0,False,445.82142857142856,196.53571428571428
76,0.19182122467600002,0.49420073732949005,0.0,False,455.0,195.75
77,1.71440219554175,1.4774453191047516,0.0,False,533.048951048951,195.6013986013986
78,1.246837960394,1.259969601637506,0.0,False,280.22115384615387,204.23076923076923
79,1.3547373992742502,1.313356474643364,0.0,False,528.0353982300885,198.07079646017698
80,2.0381005121825,1.610897317725667,0.0,False,525.5941176470589,200.64117647058825
81,10.03464781586325,3.574424487473112,4.062126642771804,False,259.4659498207885,183.85185185185185
82,1.3547373992742502,1.313356474643364,0.0,False,523.1061946902655,203.21238938053096
83,5.418949597097001,2.626712949286728,33.6283185840708,True,646.0818584070796,205.87389380530973
84,0.63540780673925,0.8994589187805361,0.0,False,636.0943396226415,206.9433962264151
85,1.3307597461897502,1.3016819632270082,0.0,False,521.6306306306307,205.26126126126127
86,1.055016735718,1.1590034634432995,0.0,False,633.5113636363636,205.97727272727272
87,11.053698071954502,3.7515337531168895,0.0,False,618.5379609544468,205.20390455531452
88,1.83429046096425,1.5282313802007121,0.0,False,694.2091503267974,207.59477124183007
89,1.5345697974080001,1.3978107705322966,0.0,False,436.1015625,208.09375
90,3.3808490849145003,2.074760407780819,0.0,False,412.3156028368794,210.99290780141843
91,0.49154188823225003,0.7911071798379106,0.0,False,452.4146341463415,209.14634146341464
92,72.74819945837301,9.624234221935875,0.0,False,547.1636453526697,228.33668424522082
93,0.23977653084500003,0.5525332215996288,0.0,False,464.0,214.75
94,0.58745250057025,0.8648512903266076,0.0,False,607.9183673469388,220.59183673469389
95,6.27015628159675,2.8254930418244824,0.0,False,864.9694072657744,215.7151051625239
96,0.17983239813375002,0.4785078063401353,0.0,False,428.8666666666667,217.46666666666667
97,2.1819664306895,1.6667831127169805,0.0,False,458.3956043956044,219.45054945054946
98,0.7552960721617501,0.9806491865389393,0.0,False,604.5079365079365,218.28571428571428
99,1.0070614295490001,1.1323561436576883,0.0,False,601.0119047619048,218.86904761904762
100,0.47955306169000006,0.7813999756478939,0.0,False,452.775,224.675
101,1.2348491338517502,1.2538974236364044,73.7864077669903,True,673.6504854368932,223.44660194174756
102,0.5035307147745001,0.8006967078985997,0.0,False,450.23809523809524,227.52380952380952
103,0.44358658206325,0.7515264318683936,0.0,False,444.9189189189189,226.97297297297297
104,0.9351284702955001,1.0911656830142393,0.0,False,684.8717948717949,227.97435897435898
105,8.45212271228625,3.28048424386356,100.0,True,655.6893617021277,230.63262411347517
106,0.25176535738725003,0.5661780718288442,0.0,False,445.04761904761904,230.95238095238096
107,1.0789943888025002,1.1720999634718408,0.0,False,443.9,235.66666666666666
108,0.49154188823225003,0.7911071798379106,0.0,False,680.8536585365854,236.09756097560975
109,3.1051060744427503,1.9883520424154963,0.0,False,487.35907335907336,241.6911196911197
110,1.5945139301192501,1.424850234396201,0.0,False,495.97744360902254,242.48872180451127
111,1.73837984862625,1.4877412298654857,0.0,False,481.048275862069,242.58620689655172
112,1.21087148076725,1.2416639855069027,0.0,False,492.4950495049505,245.52475247524754
113,9.111508172110002,3.4060435283343127,0.0,False,468.2236842105263,247.05526315789473
114,0.527508367859,0.8195392084194519,0.0,False,590.0,246.5
115,1.7263910220840002,1.48260221198847,0.0,False,343.6875,248.47222222222223
116,154.2002869864195,14.011920039759726,0.0,False,264.39776084590267,270.96695692738297
117,2.14599995106275,1.6529888083991426,0.0,False,424.0893854748603,249.22346368715083
118,3.4168155645412503,2.0857671715319808,7.368421052631578,True,588.301754385965,255.2842105263158
119,2.4337317880767504,1.7603191624981918,0.0,False,724.3300492610838,255.7536945812808
120,2.349810002281,1.7297025806532151,0.0,False,346.36224489795916,252.0204081632653
121,5.50287138289275,2.6469743962287433,100.0,True,614.7363834422658,249.8649237472767
122,1.9661675529290001,1.5822143596758211,0.0,False,348.8780487804878,255.95731707317074
123,2.0021340325557504,1.596620250438425,0.0,False,348.20958083832335,259.78443113772454
124,0.623418980197,0.8909330494067934,0.0,False,573.1538461538462,261.84615384615387
125,2.6255530127527504,1.8283757607875213,0.0,False,747.1780821917808,267.12785388127855
126,1.3187709196475002,1.2958052652084553,0.0,False,352.92727272727274,263.58181818181816
127,2.4816870942457503,1.7775776061968682,0.0,False,414.42512077294685,262.9323671497585
128,3.20101668678075,2.018826646586175,0.0,False,448.83895131086143,259.6292134831461
129,2.3737876553655,1.7385051951649493,0.0,False,445.0656565656566,270.4848484848485
130,11.473307000933252,3.8220764228982924,0.0,False,340.4806687565308,274.22152560083595
131,0.5994413271125001,0.8736317315826855,0.0,False,435.5,268.0
132,1.5945139301192501,1.424850234396201,0.0,False,320.6766917293233,267.8496240601504
133,2.6375418392950003,1.8325453802522627,0.0,False,422.8909090909091,271.2318181818182
134,0.7672848987040001,0.9884014746589801,0.0,False,432.0,269.125
135,1.3307597461897502,1.3016819632270082,0.0,False,317.4864864864865,268.52252252252254
136,0.8272290314152501,1.0262849094432123,0.0,False,314.8985507246377,267.5507246376812
137,0.2637541839295,0.5795017317216498,0.0,False,506.90909090909093,271.5
138,1.0789943888025002,1.1720999634718408,0.0,False,312.35555555555555,266.73333333333335
139,0.49154188823225003,0.7911071798379106,0.0,False,844.6829268292682,277.4634146341463
140,3.2249943398652503,2.0263736884058448,0.0,False,398.8996282527881,276.3828996282528
141,5.622759648315251,2.6756531790903235,0.0,False,838.6076759061833,291.3795309168444
142,2.5176535738725003,1.7904122682215617,0.0,False,386.65714285714284,278.68095238095236
143,496.1336087979318,25.133581722342957,0.48812314235314014,False,128.81516564772974,268.58980740883936
144,4.1960892897875,2.3114122992225186,0.0,False,27.605714285714285,214.44571428571427
145,0.9231396437532501,1.084148467572301,0.0,False,798.9090909090909,283.3246753246753
146,0.56347484748575,0.8470173895986266,0.0,False,851.2340425531914,284.59574468085106
147,0.63540780673925,0.8994589187805361,0.0,False,667.188679245283,283.8301886792453
148,0.7193295925350001,0.9570156126802706,0.0,False,660.55,285.03333333333336
149,2.2419105634007503,1.6895233603242434,0.0,False,850.5561497326203,297.379679144385
150,2.1579887776050004,1.6575996647988867,100.0,True,612.9833333333333,282.3833333333333
151,0.6473966332815001,0.9079047277233522,0.0,False,801.2777777777778,285.9259259259259
152,1.4626368381545,1.3646563896910877,0.0,False,547.6147540983607,287.0983606557377
153,2.19395525723175,1.6713559144859214,100.0,True,610.6775956284152,291.9344262295082
154,8.3682009264905,3.26415752345029,0.0,False,801.9684813753581,297.7822349570201
155,2.4217429615345,1.7559780482140919,0.0,False,858.0297029702971,285.6188118811881
156,1.9421898998445002,1.5725371168488338,0.0,False,863.7283950617284,280.9938271604938
157,0.5394971944012501,0.8287998323994433,0.0,False,897.7333333333333,293.15555555555557
158,0.5394971944012501,0.8287998323994433,0.0,False,895.2666666666667,292.84444444444443
159,1.2348491338517502,1.2538974236364044,0.0,False,782.5436893203884,294.3398058252427
160,311.8773336700915,19.927231476934363,0.0,False,48.5399400322903,375.8626124394557
161,10.598122663349,3.673411068057847,0.0,False,756.4298642533937,294.49321266968326
162,1.0670055622602501,1.1655701078537177,0.0,False,768.4943820224719,299.14606741573033
163,3.8723909731467505,2.2204687162141967,0.0,False,775.2631578947369,300.2352941176471
164,31.134982530223255,6.296212431463752,0.0,False,359.7466307277628,304.6861763573354
165,6.150268016174251,2.798350308469784,0.0,False,500.29824561403507,300.00194931773876
166,36.985529882841256,6.862320251184548,0.0,False,881.0849270664505,311.8447325769854
167,2.96124015593575,1.9417435639123712,100.0,True,414.79352226720647,304.5991902834008
168,0.63540780673925,0.8994589187805361,0.0,False,699.1320754716982,309.35849056603774
169,0.17983239813375002,0.4785078063401353,0.0,False,703.1333333333333,310.06666666666666
170,4.723597657646501,2.4524011358531688,0.0,False,711.9873096446701,316.88832487309645
171,2.925273676309,1.9299155742802396,0.0,False,729.4549180327868,315.39344262295083
172,0.7193295925350001,0.9570156126802706,0.0,False,328.5,319.0
173,1.40269270544325,1.3363995741101902,14.529914529914532,True,400.8376068376068,319.47008547008545
174,0.8871731641265,1.0628188724301422,0.0,False,809.0,320.63513513513516
175,0.287731837014,0.6052698184822348,0.0,False,732.25,324.0
176,1.6424692362882503,1.4461178315245138,0.0,False,732.3503649635037,329.82481751824815
177,1.150927348056,1.2105396369644696,0.0,False,240.41666666666666,331.3020833333333
178,0.37165362280975006,0.6878983133468638,0.0,False,913.0,332.0
179,5.526849035977251,2.652734956679172,0.0,False,251.17787418655098,341.1887201735358
180,0.8631955110420001,1.0483580778992225,0.0,False,799.2361111111111,331.02777777777777
181,0.77927372524625,0.9960934309373843,0.0,False,409.2153846153846,333.75384615384615
182,0.5394971944012501,0.8287998323994433,0.0,False,402.3333333333333,340.6222222222222
183,5.33502781130125,2.6062939937026743,0.0,False,808.4089887640449,342.6426966292135
184,0.8392178579575,1.033695005018127,0.0,False,791.6,345.3857142857143
185,10.202491387454751,3.6041941525571715,0.0,False,234.91774383078732,350.7121034077556
186,13.379530421151001,4.127389880081183,0.0,False,856.7455197132616,351.5752688172043
187,1.5585474504925,1.4086888394223969,0.0,False,217.4923076923077,347.25384615384615
188,0.8871731641265,1.0628188724301422,0.0,False,294.3243243243243,349.5945945945946
189,0.20381005121825002,0.509410460066904,0.0,False,878.0,356.0
190,8.272290314152501,3.245397842100199,0.0,False,942.2507246376812,356.3333333333333
191,0.9351284702955001,1.0911656830142393,0.0,False,924.5,362.0
192,0.575463674028,0.8559807861926778,0.0,False,921.9791666666666,362.2708333333333
193,2.733452451633,1.8655668723131893,0.0,False,942.5263157894736,369.2675438596491
194,0.8631955110420001,1.0483580778992225,0.0,False,239.26388888888889,364.0138888888889
195,0.7073407659927501,0.9490069730329859,0.0,False,919.3728813559322,361.22033898305085
196,0.40762010243650004,0.7204151814413337,0.0,False,265.44117647058823,364.5882352941176
197,0.43159775552100005,0.741301105994235,0.0,False,837.6388888888889,364.8611111111111
198,0.7912625517885,1.0037264424160464,0.0,False,238.78787878787878,366.06060606060606
199,0.17983239813375002,0.4785078063401353,0.0,False,262.0,366.0
200,1.61849158320375,1.4355234190204058,0.0,False,244.01481481481483,368.0444444444444
201,8.3202456203215,3.2547911984800004,0.0,False,242.0057636887608,379.74207492795387
202,21.651820735303502,5.250519438656064,0.0,False,897.6777408637873,369.3366555924695
203,0.17983239813375002,0.4785078063401353,0.0,False,855.0,373.0
204,1.1029720418870002,1.1850517374645788,0.0,False,271.0326086956522,376.39130434782606
205,1.342748572732,1.3075322487185856,0.0,False,869.4107142857143,376.0625
206,0.3117094900985,0.629984800818753,0.0,False,868.2307692307693,383.11538461538464
207,0.34767596972525006,0.6653381045816733,0.0,False,866.0689655172414,381.9655172413793
208,0.575463674028,0.8559807861926778,0.0,False,1001.2708333333334,388.125
209,4.11216750399175,2.288181435257525,0.0,False,858.7871720116618,386.96501457725947
210,1.42667035852775,1.3477733925920277,0.0,False,997.5378151260504,384.8151260504202
211,0.5514860209435001,0.8379581196181038,0.0,False,993.7391304347826,381.3695652173913
212,0.5514860209435001,0.8379581196181038,0.0,False,268.1521739130435,388.0652173913044
213,1.246837960394,1.259969601637506,0.0,False,294.4326923076923,387.47115384615387
214,0.51551954131675,0.810172738425713,0.0,False,229.5581395348837,391.4418604651163
215,1.3667262258165,1.3191549861696341,0.0,False,895.5087719298245,392.6929824561403
216,50.808646886055506,8.043107510770383,0.0,False,974.215667767815,398.46554978763567
217,0.7912625517885,1.0037264424160464,0.0,False,261.3333333333333,396.7878787878788
218,5.43093842363925,2.629616999868829,0.0,False,900.2229580573951,402.7328918322296
219,0.35966479626750003,0.6767122294276178,0.0,False,231.2,394.06666666666666
220,6.414022200103751,2.857724043007184,100.0,True,705.8373831775701,395.4710280373832
221,0.9710949499222501,1.1119516589913525,0.0,False,294.82716049382714,396.17283950617286
222,0.5394971944012501,0.8287998323994433,0.0,False,912.0666666666667,402.6
223,0.58745250057025,0.8648512903266076,0.0,False,914.530612244898,402.1020408163265
224,0.68336311290825,0.9327834361565946,0.0,False,917.7017543859649,398.8070175438597
225,4.3399552082945005,2.3507025744614922,100.0,True,611.0580110497237,404.83977900552486
226,1.0070614295490001,1.1323561436576883,0.0,False,274.73809523809524,412.2142857142857
227,1.18689382768275,1.229308812629178,0.0,False,941.010101010101,410.75757575757575
228,24.061574870295754,5.53499310148318,0.0,False,211.44843049327355,411.711509715994
229,6.67777638403325,2.9158890519101917,0.0,False,926.9102333931777,407.4290843806104
230,2.1819664306895,1.6667831127169805,0.0,False,874.6043956043956,414.8791208791209
231,1.61849158320375,1.4355234190204058,0.0,False,885.0370370370371,414.3259259259259
232,0.6593854598237501,0.9162726901261313,0.0,False,867.1636363636363,415.4909090909091
233,1.11496086842925,1.191474829157704,0.0,False,248.69892473118279,418.73118279569894
234,0.41960892897875,0.7309327477269799,0.0,False,242.05714285714285,417.8
235,0.34767596972525006,0.6653381045816733,0.0,False,276.41379310344826,420.86206896551727
236,3.9443239324002506,2.2409973690250737,0.0,False,928.3677811550152,425.4012158054711
237,4.519787606428251,2.398910651589245,0.0,False,855.053050397878,420.3076923076923
238,2.5656088800415002,1.807383380025536,100.0,True,293.5607476635514,424.4299065420561
239,7.4810277623640005,3.086282615429678,0.0,False,195.38301282051282,434.30128205128204
240,3.8124468404355003,2.2032153956077707,0.0,False,915.2610062893082,431.6163522012579
241,1.0789943888025002,1.1720999634718408,0.0,False,1010.6,429.77777777777777
242,2.6615194923795005,1.8408562862920714,0.0,False,839.7972972972973,429.5135135135135
243,1.246837960394,1.259969601637506,0.0,False,1047.125,431.0
244,0.9351284702955001,1.0911656830142393,0.0,False,1009.2820512820513,433.38461538461536
245,0.6593854598237501,0.9162726901261313,0.0,False,1006.5090909090909,436.0181818181818
246,0.9351284702955001,1.0911656830142393,0.0,False,1004.0769230769231,438.61538461538464
247,0.5994413271125001,0.8736317315826855,0.0,False,191.12,444.0
248,0.5514860209435001,0.8379581196181038,0.0,False,1067.8478260869565,444.54347826086956
249,4.220066942872,2.318006926886599,0.0,False,920.4232954545455,447.08522727272725
250,4.8554747496112505,2.4863994971983296,0.0,False,1052.3851851851853,440.16543209876545
251,1.8942345936755003,1.5530017358885952,0.0,False,186.71518987341773,447.06962025316454
252,3.2369831664075,2.030136688282853,0.0,False,1052.911111111111,455.5
253,1.3547373992742502,1.313356474643364,0.0,False,1073.6814159292035,447.82300884955754
254,0.32369831664075005,0.6419855896445084,0.0,False,1079.0,449.0
255,0.5514860209435001,0.8379581196181038,0.0,False,1044.0434782608695,455.10869565217394
256,0.29972066355625004,0.6177509216618626,0.0,False,1081.04,449.52
257,0.6593854598237501,0.9162726901261313,0.0,False,1041.5272727272727,454.1272727272727
258,0.5035307147745001,0.8006967078985997,0.0,False,1038.904761904762,451.2857142857143
259,0.5035307147745001,0.8006967078985997,0.0,False,1036.7619047619048,449.35714285714283
260,10.765966234940501,3.702384899981332,0.0,False,1001.4498886414254,457.4944320712695
261,1.3547373992742502,1.313356474643364,0.0,False,1017.2212389380531,451.4424778761062
262,116.8910587869375,12.199603209674134,0.0,False,1147.9151794871796,477.7876923076923
263,8.356212099948252,3.261818463656212,0.0,False,1027.9899569583931,455.60832137733144
264,10.1905025609125,3.602075907206668,0.0,False,187.42705882352942,467.7858823529412
265,0.13187709196475,0.40976960420972597,0.0,False,935.0,461.0
266,2.301854696112,1.7119615723853556,0.0,False,945.6614583333334,458.1302083333333
267,1.7623575017107502,1.4979663758371862,26.53061224489796,True,140.2108843537415,467.1224489795918
268,0.9111508172110001,1.077085535921268,0.0,False,986.5131578947369,461.67105263157896
269,0.5394971944012501,0.8287998323994433,0.0,False,884.3777777777777,461.35555555555555
270,0.5394971944012501,0.8287998323994433,0.0,False,983.9333333333333,461.53333333333336
271,0.20381005121825002,0.509410460066904,0.0,False,885.0,465.0
272,7.121362966096501,3.0111793272481395,0.0,False,919.4949494949495,468.03198653198655
273,0.25176535738725003,0.5661780718288442,0.0,False,946.0,466.0
274,3.4168155645412503,2.0857671715319808,0.0,False,973.7789473684211,460.0210526315789
275,0.20381005121825002,0.509410460066904,0.0,False,886.0,467.0
276,0.39563127589425,0.7097417738886351,0.0,False,973.060606060606,467.8787878787879
277,0.38364244935200004,0.6989053852661483,0.0,False,975.21875,470.09375
278,3.5247150034215005,2.118444364687822,0.0,False,265.1496598639456,476.79931972789115
279,1.4626368381545,1.3646563896910877,0.0,False,885.9672131147541,472.91803278688525
280,1.8582681140487503,1.5381873902510383,0.0,False,1026.458064516129,472.98064516129034
281,1.9062234202177502,1.5579085466488567,0.0,False,1023.5157232704403,477.02515723270443
282,0.9351284702955001,1.0911656830142393,0.0,False,201.96153846153845,480.0
283,4.3399552082945005,2.3507025744614922,0.0,False,976.8038674033149,480.8314917127072
284,1.0070614295490001,1.1323561436576883,0.0,False,212.72619047619048,478.4761904761905
285,15.237798535199751,4.40469836308048,0.0,False,1028.7175452399686,492.52321007081036
286,3.3328937787455004,2.0599932421007057,0.0,False,966.3201438848921,485.568345323741
287,4.747575310731,2.458617625258356,100.0,True,153.45959595959596,482.6489898989899
288,1.1269496949715,1.1978634799362335,0.0,False,960.531914893617,484.98936170212767
289,6.426011026646001,2.860393566282425,0.0,False,949.2910447761194,480.86380597014926
290,0.10789943888025001,0.3706505529971175,0.0,False,202.0,486.0
291,0.7672848987040001,0.9884014746589801,0.0,False,1102.359375,498.078125
292,0.05994413271125001,0.2762666107998144,0.0,False,208.0,489.0
293,25.835921198548753,5.735443883837916,9.048723897911833,True,1081.3048723897912,494.28259860788864
294,3.2489719929497505,2.033892726070044,0.0,False,220.69372693726936,488.8487084870849
295,0.623418980197,0.8909330494067934,0.0,False,202.84615384615384,491.0576923076923
296,1.4386591850700001,1.3534244588552355,0.0,False,883.8416666666667,491.575
297,0.38364244935200004,0.6989053852661483,0.0,False,986.84375,493.0
298,1.6304804097460002,1.4408303628826673,0.0,False,244.625,496.00735294117646
299,0.51551954131675,0.810172738425713,0.0,False,253.6046511627907,494.72093023255815
300,3.1890278602385003,2.015042525833591,0.0,False,912.4436090225564,494.85714285714283
301,0.38364244935200004,0.6989053852661483,0.0,False,947.40625,494.71875
302,0.23977653084500003,0.5525332215996288,0.0,False,257.0,496.25
303,2.9732289824780005,1.9456702485374238,0.0,False,898.9314516129032,495.81048387096774
304,0.623418980197,0.8909330494067934,0.0,False,949.0384615384615,497.38461538461536
305,0.73131841907725,0.9649577871401198,0.0,False,260.9344262295082,498.1967213114754
306,0.44358658206325,0.7515264318683936,0.0,False,951.9459459459459,500.1081081081081
307,0.23977653084500003,0.5525332215996288,0.0,False,921.0,501.25
308,0.38364244935200004,0.6989053852661483,0.0,False,953.59375,502.28125
309,1.6065027566615002,1.4301967831412126,0.0,False,987.4104477611941,500.85074626865674
310,0.9351284702955001,1.0911656830142393,0.0,False,730.3589743589744,504.21794871794873
311,2.64953066583725,1.8367055340289236,0.0,False,929.1990950226244,504.6606334841629
312,5.311050158216751,2.6004305577179925,0.0,False,947.4198645598194,509.489841986456
313,0.39563127589425,0.7097417738886351,0.0,False,992.0909090909091,505.54545454545456
314,2.2419105634007503,1.6895233603242434,0.0,False,720.7112299465241,506.2834224598931
315,2.0021340325557504,1.596620250438425,0.0,False,992.2814371257485,512.7724550898204
316,0.27574301047175004,0.5925258687322894,0.0,False,1041.0,509.0
317,0.287731837014,0.6052698184822348,0.0,False,1042.25,511.0
318,0.8152402048730001,1.018820920133808,5.88235294117647,True,1043.2205882352941,515.0735294117648
319,0.17983239813375002,0.4785078063401353,100.0,True,1070.0,514.0
320,1.4866144912390002,1.3757966266937276,0.0,False,604.7822580645161,516.4112903225806
321,2.301854696112,1.7119615723853556,0.0,False,720.6979166666666,519.8645833333334
322,0.44358658206325,0.7515264318683936,0.0,False,958.081081081081,517.3513513513514
323,1.5945139301192501,1.424850234396201,0.0,False,1013.2631578947369,518.4511278195489
324,2.02611168564025,1.6061523963208426,100.0,True,1064.775147928994,516.9230769230769
325,0.29972066355625004,0.6177509216618626,0.0,False,955.56,520.12
326,0.9351284702955001,1.0911656830142393,0.0,False,177.8846153846154,519.6666666666666
327,1.1629161745982501,1.216828196875234,42.2680412371134,True,1041.8453608247423,523.6907216494845
328,0.7193295925350001,0.9570156126802706,100.0,True,1065.85,522.45
329,0.37165362280975006,0.6878983133468638,0.0,False,177.0,524.0
330,2.6135641862105,1.824196610726701,0.0,False,951.6743119266055,528.7522935779816
331,0.40762010243650004,0.7204151814413337,0.0,False,961.9117647058823,526.7058823529412
332,0.5994413271125001,0.8736317315826855,0.0,False,964.42,525.5
333,1.8103128078797501,1.5182100827398846,0.0,False,628.9735099337748,527.3708609271523
334,0.8392178579575,1.033695005018127,0.0,False,967.6571428571428,526.4428571428572
335,2.0021340325557504,1.596620250438425,0.0,False,972.6107784431138,531.0479041916168
336,2.6615194923795005,1.8408562862920714,0.0,False,980.9684684684685,537.8828828828829
337,7.768759599378001,3.1450742336976676,100.0,True,1058.3317901234568,535.8055555555555
338,0.21579887776050002,0.5241790389496113,0.0,False,252.77777777777777,537.8888888888889
339,0.10789943888025001,0.3706505529971175,100.0,True,1074.0,538.0
340,0.39563127589425,0.7097417738886351,0.0,False,242.87878787878788,538.5757575757576
341,0.29972066355625004,0.6177509216618626,0.0,False,248.6,539.16
342,0.37165362280975006,0.6878983133468638,0.0,False,237.41935483870967,540.0967741935484
343,22.383139154380753,5.338454636565487,0.0,False,9.494911622924478,543.8430637386181
344,50.32909382436551,8.005060431244003,4.335397808480228,False,131.75440686040972,525.6186279180562
345,0.9351284702955001,1.0911656830142393,0.0,False,113.35897435897436,558.5769230769231
346,3.7405138811820002,2.1823313660284787,0.0,False,19.951923076923077,551.8525641025641
347,0.9471172968377501,1.0981380586413054,0.0,False,111.26582278481013,556.367088607595
348,9.21940761099025,3.4261515362495456,0.0,False,182.64499349804942,543.9219765929779
349,2.88930719668225,1.918014645330879,0.0,False,23.46887966804979,549.4896265560166
350,0.9471172968377501,1.0981380586413054,0.0,False,109.18987341772151,554.4050632911392
351,3.8484133200622503,2.2135835253246703,0.0,False,27.02492211838006,546.006230529595
352,1.1629161745982501,1.216828196875234,0.0,False,106.73195876288659,550.2268041237113
353,0.56347484748575,0.8470173895986266,0.0,False,172.06382978723406,549.468085106383
354,2.8773183701400002,1.9140312253605412,0.0,False,30.575,542.6958333333333
355,0.575463674028,0.8559807861926778,0.0,False,169.9375,547.7708333333334
356,3.5606814830482505,2.1292253216659054,0.0,False,34.074074074074076,542.026936026936
357,1.3187709196475002,1.2958052652084553,0.0,False,890.5272727272727,552.1363636363636
358,1.3787150523587501,1.324928120912516,0.0,False,138.15652173913043,567.7652173913043
359,0.47955306169000006,0.7813999756478939,0.0,False,742.825,553.7
360,0.7073407659927501,0.9490069730329859,0.0,False,881.5254237288135,554.2881355932203
361,14.338636544531001,4.272764803506228,0.08361204013377926,False,1018.8720735785953,544.8520066889632
362,0.9231396437532501,1.084148467572301,0.0,False,140.74025974025975,565.8701298701299
363,1.0070614295490001,1.1323561436576883,0.0,False,701.4047619047619,555.3333333333334
364,79.33006523006826,10.050182890740988,0.0,False,71.04941816533172,558.6676741725857
365,19.625709049663254,4.998822746957328,0.0,False,155.87538179596822,565.6316432498472
366,10.562156183722252,3.6671726071708437,0.0,False,1028.8910329171397,569.8955732122588
367,0.8991619906687501,1.0699759827408473,0.0,False,705.5866666666667,561.5866666666667
368,1.1029720418870002,1.1850517374645788,0.0,False,873.054347826087,561.8152173913044
369,17.623575017107502,4.736985605993325,100.0,True,817.3891156462585,549.874149659864
370,5.634748474857501,2.6785041689018736,0.0,False,573.1617021276596,556.8425531914894
371,3.6685809219285,2.161245544324001,0.0,False,756.09477124183,563.2712418300654
372,0.22778770430275003,0.538542767960634,0.0,False,998.2105263157895,565.8947368421053
373,0.46756423514775003,0.7715706538574195,0.0,False,186.48717948717947,565.8717948717949
374,2.14599995106275,1.6529888083991426,0.0,False,925.5027932960894,562.3016759776536
375,62.88139521410125,8.94779743929835,0.0,False,1174.7502383222115,577.8030505243089
376,0.8032513783307501,1.0113018437903376,0.0,False,933.820895522388,563.2089552238806
377,2.253899389943,1.6940347791972532,0.0,False,990.0425531914893,566.9521276595744
378,8.871731641265,3.3609283770911853,0.0,False,570.3175675675676,575.3662162162162
379,9.315318223328251,3.443926760796987,100.0,True,813.2110682110682,571.8854568854568
380,0.25176535738725003,0.5661780718288442,0.0,False,746.0,570.2380952380952
381,2.4457206146190003,1.764649597485829,100.0,True,655.7107843137255,572.8725490196078
382,2.0141228590980003,1.6013934157971994,0.0,False,936.172619047619,571.3809523809524
383,0.8871731641265,1.0628188724301422,0.0,False,177.74324324324326,573.0135135135135
384,0.15585474504925,0.4454665247033967,0.0,False,745.0,573.0
385,2.3617988288232503,1.7341094733513671,0.0,False,983.5989847715736,577.0913705583756
386,3.2969272991187504,2.04884802104863,0.0,False,942.9345454545454,581.52
387,3.8004580138932504,2.199748492758784,0.0,False,719.3059936908518,576.7665615141956
388,0.6593854598237501,0.9162726901261313,0.0,False,728.4909090909091,579.8909090909091
389,0.671374286366,0.9245649196890073,0.0,False,732.3214285714286,577.8392857142857
390,1.6304804097460002,1.4408303628826673,0.0,False,1160.3308823529412,604.0882352941177
391,4.04023454473825,2.2680798910897755,0.0,False,1156.759643916914,600.8961424332344
392,9.662994193053501,3.5076069231232228,0.0,False,606.1736972704715,584.4913151364764
393,1.6304804097460002,1.4408303628826673,0.0,False,1153.1838235294117,597.1617647058823
394,2.33782117573875,1.7252844314691502,0.0,False,203.2,587.0564102564102
395,1.09098321534475,1.1785936417693985,0.0,False,544.3516483516484,586.7362637362637
396,0.35966479626750003,0.6767122294276178,0.0,False,761.0333333333333,586.1333333333333
397,1.61849158320375,1.4355234190204058,0.0,False,1151.1407407407407,595.4296296296296
398,2.541631226957,1.7989178375610722,0.0,False,734.1084905660377,588.7688679245283
399,0.43159775552100005,0.741301105994235,0.0,False,765.5277777777778,587.0833333333334
400,1.61849158320375,1.4355234190204058,0.0,False,1149.0962962962963,593.4518518518519
401,4.8914412292380005,2.4955913936006824,0.0,False,747.0612745098039,587.8529411764706
402,2.4337317880767504,1.7603191624981918,0.0,False,1146.5418719211823,590.8177339901478
403,1.6304804097460002,1.4408303628826673,0.0,False,1143.9926470588234,588.2573529411765
404,1.3667262258165,1.3191549861696341,0.0,False,985.078947368421,590.1315789473684
405,1.6304804097460002,1.4408303628826673,0.0,False,1141.9485294117646,586.2794117647059
406,13.283619808813,4.112569760843949,100.0,True,817.1895306859205,596.3492779783394
407,1.61849158320375,1.4355234190204058,0.0,False,1139.9037037037037,584.5481481481481
408,1.0430279091757502,1.1523994013470333,0.0,False,552.8850574712644,594.4942528735633
409,4.076201024365,2.278152834318079,0.0,False,1136.3147058823529,580.9529411764706
410,2.4696982677035004,1.7732787423312855,100.0,True,835.5,596.8543689320388
411,0.7672848987040001,0.9884014746589801,0.0,False,930.203125,593.03125
412,4.100178677449501,2.284843459103626,0.0,False,1131.2222222222222,575.6111111111111
413,1.1029720418870002,1.1850517374645788,100.0,True,839.0108695652174,595.75
414,12.828044400207501,4.041432099140433,100.0,True,852.8364485981308,599.3803738317757
415,2.1819664306895,1.6667831127169805,0.0,False,45.4010989010989,598.9615384615385
416,0.27574301047175004,0.5925258687322894,0.0,False,612.9565217391304,599.9130434782609
417,119.03705873800025,12.311079988132002,0.08057206163762716,False,1092.9066371235774,595.7338100513647
418,15.837239862312252,4.490501093658928,0.0,False,51.39439818319455,616.6707040121121
419,1.5345697974080001,1.3978107705322966,0.0,False,613.3203125,606.234375
420,0.58745250057025,0.8648512903266076,0.0,False,116.55102040816327,606.2448979591836
421,0.671374286366,0.9245649196890073,0.0,False,983.3214285714286,606.5714285714286
422,0.49154188823225003,0.7911071798379106,0.0,False,751.3170731707318,607.0731707317074
423,0.41960892897875,0.7309327477269799,0.0,False,118.17142857142858,609.5142857142857
424,0.23977653084500003,0.5525332215996288,0.0,False,755.65,608.7
425,0.15585474504925,0.4454665247033967,0.0,False,983.0,611.0
426,1.73837984862625,1.4877412298654857,0.0,False,119.66206896551724,616.8965517241379
427,0.58745250057025,0.8648512903266076,0.0,False,30.163265306122447,617.9183673469388
428,0.8392178579575,1.033695005018127,0.0,False,1034.642857142857,612.8571428571429
429,0.8871731641265,1.0628188724301422,0.0,False,27.5,615.5
430,4.064212197822751,2.274800142531852,0.0,False,879.2625368731564,615.9410029498525
431,3.548692656506,2.1256377448602843,0.0,False,3.39527027027027,614.4290540540541
432,2.69748597200625,1.8532527649855877,0.0,False,736.7022222222222,615.3466666666667
433,0.73131841907725,0.9649577871401198,0.0,False,890.0491803278688,616.016393442623
434,13.403508074235502,4.131086602613614,0.0,False,911.7316636851521,615.9597495527728
435,2.6255530127527504,1.8283757607875213,0.0,False,760.3744292237443,618.3561643835617
436,1.150927348056,1.2105396369644696,0.0,False,23.760416666666668,611.875
437,1.6664468893727502,1.4566351906878705,0.0,False,7.9928057553956835,620.4820143884892
438,6.82164230254025,2.9471316122006623,0.0,False,784.0966608084359,620.0298769771529
439,1.8103128078797501,1.5182100827398846,0.0,False,11.993377483443709,619.7549668874173
440,4.987351841576,2.519939203275012,0.0,False,20.370192307692307,623.9158653846154
441,0.6953519394505001,0.940930171063011,0.0,False,532.5172413793103,621.1206896551724
442,0.25176535738725003,0.5661780718288442,0.0,False,745.047619047619,620.8571428571429
443,3.6805697484707505,2.164774110827481,0.0,False,981.1954397394137,622.8957654723127
444,0.63540780673925,0.8994589187805361,0.0,False,73.52830188679245,621.4905660377359
445,0.623418980197,0.8909330494067934,0.0,False,666.8461538461538,621.9615384615385
446,0.46756423514775003,0.7715706538574195,0.0,False,747.4871794871794,625.0
447,0.77927372524625,0.9960934309373843,0.0,False,76.9076923076923,622.123076923077
448,0.22778770430275003,0.538542767960634,0.0,False,666.0,626.0
449,0.17983239813375002,0.4785078063401353,0.0,False,665.9333333333333,628.1333333333333
450,1.4146815319855002,1.3420985320498866,0.0,False,540.9745762711865,628.1101694915254
451,0.25176535738725003,0.5661780718288442,0.0,False,745.1428571428571,628.5714285714286
452,0.7193295925350001,0.9570156126802706,0.0,False,653.0333333333333,629.5166666666667
453,1.5585474504925,1.4086888394223969,0.0,False,1020.8153846153846,626.8307692307692
454,0.46756423514775003,0.7715706538574195,0.0,False,743.5641025641025,632.7948717948718
455,0.44358658206325,0.7515264318683936,0.0,False,1026.4864864864865,630.8378378378378
456,0.9710949499222501,1.1119516589913525,0.0,False,661.9629629629629,631.1851851851852
457,0.47955306169000006,0.7813999756478939,0.0,False,817.0,631.75
458,0.32369831664075005,0.6419855896445084,0.0,False,1042.2592592592594,636.3703703703703
459,3.6565920953862503,2.1577112074630804,0.0,False,1035.032786885246,637.072131147541
460,0.623418980197,0.8909330494067934,0.0,False,665.3461538461538,636.5576923076923
461,0.20381005121825002,0.509410460066904,0.0,False,818.0,635.0
462,8.260301487610251,3.2430452518366226,0.0,False,86.73149492017417,636.1872278664731
463,0.73131841907725,0.9649577871401198,0.0,False,777.7213114754098,639.0
464,1.6664468893727502,1.4566351906878705,0.0,False,978.6043165467626,639.0503597122303
465,1.18689382768275,1.229308812629178,0.0,False,704.7777777777778,638.6767676767677
466,0.9710949499222501,1.1119516589913525,0.0,False,21.876543209876544,640.5061728395061
467,0.8032513783307501,1.0113018437903376,0.0,False,669.1940298507462,642.3731343283582
468,0.6114301536547501,0.8823247987429145,0.0,False,819.4509803921569,639.1176470588235
469,0.11988826542250001,0.39069998782394694,0.0,False,172.0,643.2
470,0.13187709196475,0.40976960420972597,0.0,False,700.0,643.0
471,1.2708156134785,1.2720270017368742,0.0,False,99.52830188679245,646.1132075471698
472,0.35966479626750003,0.6767122294276178,0.0,False,697.2666666666667,644.7666666666667
473,1.0310390826335,1.1457572745465932,0.0,False,822.8720930232558,646.2441860465116
474,3.6326144423017506,2.1506251088264214,0.0,False,717.3564356435644,645.5610561056105
475,0.05994413271125001,0.2762666107998144,0.0,False,699.0,649.0
476,5.898502658787001,2.74047565942358,0.0,False,111.15853658536585,649.1930894308944
477,1.8223016344220002,1.5232289727357509,0.0,False,174.92763157894737,652.171052631579
478,0.05994413271125001,0.2762666107998144,0.0,False,166.0,653.0
479,3.8364244935200005,2.2101328863985152,0.3125,False,963.909375,654.24375
480,0.77927372524625,0.9960934309373843,0.0,False,159.55384615384617,653.5076923076923
481,2.8053854108865,1.889954402456259,100.0,True,986.5854700854701,657.982905982906
482,0.29972066355625004,0.6177509216618626,0.0,False,119.88,658.8
483,0.32369831664075005,0.6419855896445084,0.0,False,118.0,661.0
484,0.8512066844997501,1.041052357688118,0.0,False,1012.5492957746479,661.0422535211268
485,0.8032513783307501,1.0113018437903376,0.0,False,116.23880597014926,665.2835820895523
486,1.2228603073095001,1.2477956968003412,0.0,False,160.91176470588235,662.8333333333334
487,6.042368577294001,2.7736947590670225,0.0,False,700.7162698412699,663.6904761904761
488,2.253899389943,1.6940347791972532,0.0,False,126.5372340425532,667.5691489361702
489,25.128580432556003,5.656385976026435,0.0,False,1110.4327290076335,658.6049618320611
490,14.554435422291501,4.304797641115753,0.0,False,1036.4217462932454,669.5461285008237
491,0.13187709196475,0.40976960420972597,0.0,False,707.0,671.0
492,1.4386591850700001,1.3534244588552355,0.0,False,160.85,674.7
493,12.720144961327252,4.024399530305804,0.0,False,1083.3364750235626,683.1027332704996
494,1.93020107330225,1.56767609403814,0.0,False,709.4037267080745,675.5652173913044
495,1.8702569405910001,1.543141307714839,0.0,False,1121.576923076923,675.5192307692307
496,5.826569699533501,2.7237141831700566,0.0,False,792.9547325102881,670.843621399177
497,0.34767596972525006,0.6653381045816733,0.0,False,801.0,677.0
498,2.5536200534992504,1.8031555768551883,0.0,False,125.75586854460094,679.3568075117371
499,16.74839067952325,4.617868915835834,0.0,False,730.94201861131,681.1524695776665
500,0.32369831664075005,0.6419855896445084,0.0,False,803.2592592592592,674.6296296296297
501,1.8582681140487503,1.5381873902510383,0.6451612903225806,False,981.7483870967742,678.3096774193548
502,0.56347484748575,0.8470173895986266,0.0,False,1055.9148936170213,679.2340425531914
503,0.7193295925350001,0.9570156126802706,0.0,False,1118.8666666666666,679.25
504,3.1770390336962504,2.011251285361741,0.0,False,811.4792452830188,675.7018867924528
505,0.6473966332815001,0.9079047277233522,0.0,False,1020.5185185185185,682.2962962962963
506,0.63540780673925,0.8994589187805361,0.0,False,1059.1509433962265,681.5283018867924
507,0.7672848987040001,0.9884014746589801,0.0,False,1017.515625,682.328125
508,5.454916076723751,2.635415500845411,0.0,False,1005.6527472527473,683.065934065934
509,4.80751944344225,2.474090513193455,0.0,False,812.1820448877805,690.9476309226933
510,1.9062234202177502,1.5579085466488567,0.0,False,124.74213836477988,691.811320754717
511,0.11988826542250001,0.39069998782394694,0.0,False,921.5,693.6
512,0.45557540860550005,0.7616144863678754,0.0,False,1069.0,700.5526315789474
513,0.41960892897875,0.7309327477269799,0.0,False,738.4571428571429,702.9428571428572
514,1.2348491338517502,1.2538974236364044,0.0,False,921.4271844660194,703.4757281553398
515,0.49154188823225003,0.7911071798379106,0.0,False,738.4878048780488,704.9756097560976
516,2.6735083189217503,1.8449977004943936,0.0,False,738.2152466367713,712.1345291479821
517,3.00919546210475,1.957403039792615,0.0,False,994.8964143426294,710.9123505976096
518,1.3667262258165,1.3191549861696341,0.0,False,186.2982456140351,714.4561403508771
519,0.287731837014,0.6052698184822348,0.0,False,730.0833333333334,717.2083333333334
520,1.0310390826335,1.1457572745465932,0.0,False,749.3372093023256,714.0930232558139
521,1.5945139301192501,1.424850234396201,0.0,False,724.984962406015,720.4436090225564
522,1.30678209310525,1.289901793662367,0.0,False,746.3394495412844,721.394495412844
523,0.5394971944012501,0.8287998323994433,0.0,False,1004.3777777777777,718.9111111111112
524,0.8152402048730001,1.018820920133808,0.0,False,162.9264705882353,722.9411764705883
525,2.40975413499225,1.7516261752329487,0.0,False,193.9452736318408,729.1592039800995
526,3.1410725540695004,1.99983444032839,0.0,False,750.8129770992366,730.8206106870228
527,0.011988826542250001,0.12355018433237251,0.0,False,185.0,730.0
528,1.09098321534475,1.1785936417693985,0.0,False,178.6043956043956,731.7802197802198
529,24.133507829549252,5.543260459491127,0.0,False,675.9001490312966,722.5876800794833
530,1.342748572732,1.3075322487185856,0.0,False,822.7589285714286,734.0892857142857
531,0.5994413271125001,0.8736317315826855,0.0,False,173.44,737.96
532,38.304300802488754,6.983591519781173,0.0,False,1051.3621283255086,728.9690140845071
533,0.9830837764645001,1.1187945030175044,0.0,False,835.0365853658536,739.8780487804878
534,1.0070614295490001,1.1323561436576883,0.0,False,1023.4047619047619,739.702380952381
535,0.46756423514775003,0.7715706538574195,0.0,False,743.8205128205128,741.974358974359
536,21.495965990254252,5.231588090730564,0.0,False,1032.904629113218,759.313998884551
537,113.95379628408627,12.045350958008383,0.0,False,1150.0341925302473,705.5945291951605
538,0.6593854598237501,0.9162726901261313,0.0,False,743.1090909090909,747.7818181818182
539,0.43159775552100005,0.741301105994235,0.0,False,514.1388888888889,750.1944444444445
540,2.7933965843442503,1.8859117146131819,0.0,False,502.2703862660944,751.6695278969958
541,18.28296047693125,4.824788935700599,0.0,False,683.912131147541,759.1881967213114
542,1.6904245424572502,1.4670771536791836,0.0,False,941.5460992907801,752.6879432624113
543,0.671374286366,0.9245649196890073,0.0,False,664.3214285714286,760.6428571428571
544,1.6304804097460002,1.4408303628826673,0.0,False,745.2794117647059,757.5367647058823
545,7.37312832348375,3.0639449325773436,0.0,False,984.7983739837398,757.7463414634146
546,0.671374286366,0.9245649196890073,0.0,False,660.7857142857143,758.2857142857143
547,0.7672848987040001,0.9884014746589801,0.0,False,737.46875,761.515625
548,15.981105780819252,4.510850900743094,0.0,False,960.2828207051763,764.9707426856714
549,10.37033495904625,3.6337199344483317,0.0,False,642.6369942196532,752.4393063583815
550,0.671374286366,0.9245649196890073,0.0,False,582.8928571428571,766.125
551,13.091798584137,4.082768138044462,0.0,False,649.7051282051282,780.8708791208791
552,0.20381005121825002,0.509410460066904,0.0,False,583.0,770.0
553,14.722278993883002,4.329548221654962,0.0,False,1021.3705211726384,786.0684039087948
554,9.5670835807155,3.4901560341557016,100.0,True,534.6340852130326,777.0187969924812
555,1.30678209310525,1.289901793662367,0.0,False,580.348623853211,776.2935779816514
556,12.336502511975251,3.963246502801909,100.0,True,507.418853255588,782.4655004859087
557,0.23977653084500003,0.5525332215996288,0.0,False,582.7,780.95
558,0.27574301047175004,0.5925258687322894,0.0,False,583.0,783.0
559,0.9111508172110001,1.077085535921268,0.0,False,582.4078947368421,788.4736842105264
560,0.56347484748575,0.8470173895986266,100.0,True,905.5744680851063,786.2978723404256
561,174.845046292174,14.920443262190506,0.0,False,33.03695831047724,750.9227921009325
562,0.25176535738725003,0.5661780718288442,0.0,False,586.952380952381,789.952380952381
563,0.287731837014,0.6052698184822348,0.0,False,589.0,789.75
564,0.17983239813375002,0.4785078063401353,100.0,True,906.0666666666667,790.1333333333333
565,0.21579887776050002,0.5241790389496113,0.0,False,591.1666666666666,789.3333333333334
566,0.671374286366,0.9245649196890073,0.0,False,624.625,793.1607142857143
567,0.20381005121825002,0.509410460066904,0.0,False,618.0588235294117,795.2352941176471
568,3.3688602583722504,2.0710784875630055,0.0,False,596.7900355871886,797.5160142348755
569,2.685497145464,1.8491298393780147,100.0,True,911.4508928571429,797.4107142857143
570,1.5105921443235002,1.3868473795335112,0.0,False,609.7063492063492,799.6746031746031
571,1.0310390826335,1.1457572745465932,0.0,False,642.5,802.7209302325581
572,7.145340619181001,3.0162443927745115,0.0,False,32.09731543624161,850.7348993288591
573,0.05994413271125001,0.2762666107998144,0.0,False,586.0,803.0
574,235.72430747371953,17.324361746709464,0.0,False,99.37127453972128,812.7181365069678
575,1.3547373992742502,1.313356474643364,0.0,False,631.4778761061947,806.3805309734513
576,0.20381005121825002,0.509410460066904,0.0,False,623.4117647058823,809.1176470588235
577,0.45557540860550005,0.7616144863678754,0.0,False,618.8947368421053,810.3157894736842
578,3.9922792385692505,2.2545792956051813,0.0,False,653.2132132132132,813.7297297297297
579,2.1340111245205002,1.6483650544233988,0.0,False,703.0449438202247,809.7584269662922
580,2.7094747985485004,1.857366538671161,0.0,False,485.0,813.2256637168142
581,7.2412512315190005,3.036420165479769,0.0,False,685.7152317880794,817.6092715231788
582,0.575463674028,0.8559807861926778,0.0,False,666.2708333333334,815.5625
583,0.287731837014,0.6052698184822348,0.0,False,493.0,815.75
584,15.429619759875752,4.432335957314255,0.777000777000777,False,567.5112665112665,808.9083139083139
585,0.56347484748575,0.8470173895986266,0.0,False,558.063829787234,820.468085106383
586,1.9901452060135,1.5918327726433752,0.0,False,558.0903614457832,829.3253012048193
587,0.8032513783307501,1.0113018437903376,0.0,False,1064.9701492537313,821.5223880597015
588,1.582525103577,1.4194835477772703,0.0,False,1055.2878787878788,821.7348484848485
589,0.7912625517885,1.0037264424160464,0.0,False,552.9545454545455,820.0454545454545
590,4.100178677449501,2.284843459103626,0.0,False,945.2134502923976,821.5760233918129
591,16.89225659803025,4.637659873300929,0.0,False,968.7579843860894,830.6983676366217
592,0.19182122467600002,0.49420073732949005,0.0,False,1049.0,826.25
593,8.811787508553751,3.3495546443809467,0.0,False,548.5877551020408,830.2312925170068
594,10.741988581856,3.6982596787560293,0.0,False,590.2388392857143,828.1383928571429
595,0.20381005121825002,0.509410460066904,0.0,False,1047.0,827.0
596,0.9111508172110001,1.077085535921268,0.0,False,1041.7631578947369,826.4605263157895
597,1.8942345936755003,1.5530017358885952,0.0,False,538.6645569620254,821.5379746835443
598,1.8942345936755003,1.5530017358885952,0.0,False,991.8544303797469,828.493670886076
599,0.9830837764645001,1.1187945030175044,0.0,False,535.8048780487804,821.8536585365854
600,0.11988826542250001,0.39069998782394694,0.0,False,1039.8,830.0
601,0.6593854598237501,0.9162726901261313,0.0,False,939.1090909090909,837.0181818181818
602,8.212346181441252,3.233617774763401,0.0,False,1011.3299270072993,824.9474452554745
603,1.3667262258165,1.3191549861696341,0.0,False,1037.5438596491229,834.719298245614
604,15.057966137066002,4.378629688497923,0.47770700636942676,False,515.4872611464968,822.5326433121019
605,4.5317764329705,2.402090123695799,0.0,False,1019.6904761904761,839.2037037037037
606,0.99507260300675,1.1255957480511143,0.0,False,513.6144578313254,838.7710843373494
607,0.99507260300675,1.1255957480511143,0.0,False,515.5783132530121,840.843373493976
608,0.99507260300675,1.1255957480511143,0.0,False,517.5421686746988,842.9156626506024
609,1.7983239813375003,1.513174546205587,0.0,False,507.25333333333333,843.7866666666666
610,1.342748572732,1.3075322487185856,0.0,False,514.2946428571429,846.9196428571429
611,1.8462792875065002,1.5332174664667557,0.0,False,581.8506493506494,849.6623376623377
612,0.8032513783307501,1.0113018437903376,0.0,False,790.5373134328358,852.2835820895523
613,1.8223016344220002,1.5232289727357509,0.0,False,473.05263157894734,849.203947368421
614,3.4407932176257505,2.093072858248763,0.0,False,517.0034843205575,850.4912891986063
615,0.15585474504925,0.4454665247033967,0.0,False,980.0,854.0
616,1.9901452060135,1.5918327726433752,0.0,False,519.9759036144578,854.5481927710844
617,1.4746256646967502,1.37023782971179,0.0,False,581.0162601626016,857.1869918699186
618,0.37165362280975006,0.6878983133468638,0.0,False,983.3870967741935,855.0
619,7.864670211716001,3.1644287193516423,0.0,False,503.0853658536585,859.015243902439
620,0.19182122467600002,0.49420073732949005,0.0,False,597.5,858.8125
621,0.37165362280975006,0.6878983133468638,0.0,False,559.7096774193549,859.7741935483871
622,0.19182122467600002,0.49420073732949005,0.0,False,573.0,860.25
623,0.19182122467600002,0.49420073732949005,0.0,False,585.25,859.9375
624,0.5994413271125001,0.8736317315826855,0.0,False,569.42,862.34
625,1.30678209310525,1.289901793662367,0.0,False,588.4678899082569,862.5504587155963
626,0.51551954131675,0.810172738425713,0.0,False,790.046511627907,863.1860465116279
627,2.50566474733025,1.7861442948848545,0.0,False,518.9904306220096,864.9617224880383
628,13.29560863535525,4.114425195073623,0.0,False,1009.2912533814247,863.9981965734896
629,0.41960892897875,0.7309327477269799,0.0,False,1019.8,870.4
630,3.3808490849145003,2.074760407780819,4.609929078014184,False,585.4539007092199,874.0780141843971
631,0.6473966332815001,0.9079047277233522,0.0,False,1022.5370370370371,868.1666666666666
632,2.50566474733025,1.7861442948848545,0.0,False,515.0143540669857,869.0574162679426
633,0.63540780673925,0.8994589187805361,0.0,False,846.8490566037735,870.1509433962265
634,0.43159775552100005,0.741301105994235,0.0,False,1025.25,865.8611111111111
635,4.3399552082945005,2.3507025744614922,0.0,False,191.1243093922652,867.5939226519337
636,0.8272290314152501,1.0262849094432123,13.043478260869565,True,568.2463768115942,874.9130434782609
637,12.864010879834252,4.047093692529041,1.95712954333644,False,527.6933830382106,875.995340167754
638,0.8751843375842501,1.0556132376704621,0.0,False,839.8356164383562,876.5479452054794
639,1.1389385215137502,1.2042182379508735,0.0,False,186.73684210526315,877.8842105263158
640,1.4626368381545,1.3646563896910877,0.0,False,986.1475409836065,882.4344262295082
641,6.222200975427751,2.8146673581800594,1.1560693641618496,False,187.10019267822736,889.4836223506744
642,2.19395525723175,1.6713559144859214,0.0,False,973.9945355191256,886.7213114754098
643,0.143865918507,0.4279903930963389,0.0,False,991.0,887.25
644,0.8871731641265,1.0628188724301422,0.0,False,438.85135135135135,888.4459459459459
645,0.15585474504925,0.4454665247033967,0.0,False,993.0,888.0
646,0.11988826542250001,0.39069998782394694,0.0,False,994.7,889.3
647,0.32369831664075005,0.6419855896445084,0.0,False,997.6296296296297,889.3333333333334
648,395.67923120041905,22.445365762107347,0.5878075384801842,False,1123.7361531935524,867.8129014664889
649,0.5514860209435001,0.8379581196181038,0.0,False,436.6304347826087,896.1739130434783
650,0.19182122467600002,0.49420073732949005,0.0,False,437.75,900.0
651,7.7567707728357504,3.1426465419166068,100.0,True,569.0741885625966,899.596599690881
652,0.9830837764645001,1.1187945030175044,0.0,False,441.1951219512195,904.4512195121952
653,0.8991619906687501,1.0699759827408473,100.0,True,559.0,903.0
654,1.342748572732,1.3075322487185856,100.0,True,556.5089285714286,904.3303571428571
655,1.52258097086575,1.3923398658975221,0.0,False,947.6692913385826,905.7086614173228
656,13.751184043960752,4.1843220850816465,0.0,False,468.70531822144727,905.1089799476896
657,18.223016344220003,4.816872951803494,63.28947368421053,True,528.3480263157895,897.8967105263158
658,21.771709000726002,5.265035693724291,30.286343612334804,True,508.9537444933921,915.8320484581498
659,1.3547373992742502,1.313356474643364,0.0,False,920.4424778761062,919.5840707964602
660,4.3879105144635,2.363654201818477,0.0,False,597.7814207650273,916.5655737704918
661,1.2228603073095001,1.2477956968003412,0.0,False,431.44117647058823,918.7745098039215
662,0.68336311290825,0.9327834361565946,0.0,False,913.2105263157895,921.8070175438596
663,0.56347484748575,0.8470173895986266,0.0,False,1027.0851063829787,925.4468085106383
664,5.95844679149825,2.7543656402402212,0.0,False,1017.3621730382293,923.5010060362173
665,0.99507260300675,1.1255957480511143,0.0,False,947.855421686747,924.855421686747
666,13.199698023017252,4.099558208083904,100.0,True,195.7275204359673,919.4613987284287
667,3.2369831664075,2.030136688282853,0.0,False,589.6037037037037,928.8037037037037
668,1.0430279091757502,1.1523994013470333,0.0,False,610.448275862069,931.6666666666666
669,0.68336311290825,0.9327834361565946,0.0,False,946.6315789473684,932.3508771929825
670,7.804726079004751,3.1523460913444548,1.3824884792626728,False,146.43010752688173,923.9984639016897
671,1.93020107330225,1.56767609403814,100.0,True,196.1552795031056,932.5155279503106
672,4.6756423514775,2.439920641934827,32.05128205128205,True,513.6153846153846,932.4897435897436
673,5.694692607568751,2.69271383980317,14.315789473684209,True,151.21263157894737,941.7915789473684
674,16.268837617833253,4.551277557115178,100.0,True,192.0147383935151,947.6366985998526
675,0.44358658206325,0.7515264318683936,10.81081081081081,True,228.35135135135135,934.2432432432432
676,0.32369831664075005,0.6419855896445084,0.0,False,598.6666666666666,937.0370370370371
677,3.6086367892172504,2.14351558487862,15.614617940199334,True,510.03986710963454,937.0863787375415
678,0.671374286366,0.9245649196890073,0.0,False,603.9285714285714,937.25
679,0.32369831664075005,0.6419855896445084,0.0,False,969.6666666666666,938.4814814814815
680,3.2249943398652503,2.0263736884058448,0.0,False,509.5353159851301,941.085501858736
681,7.073407659927501,3.001023550166227,0.0,False,998.393220338983,940.6322033898305
682,2.7454412781752504,1.869653551629547,4.8034934497816595,False,235.96069868995633,945.1135371179039
683,0.6593854598237501,0.9162726901261313,0.0,False,971.8727272727273,946.9090909090909
684,0.5035307147745001,0.8006967078985997,100.0,True,226.02380952380952,948.3333333333334
685,0.3117094900985,0.629984800818753,0.0,False,1007.6923076923077,948.8461538461538
686,0.68336311290825,0.9327834361565946,0.0,False,1011.6491228070175,950.2456140350877
687,0.8751843375842501,1.0556132376704621,0.0,False,981.9589041095891,951.972602739726
688,12.780089094038502,4.0338709473368635,0.0,False,924.8574108818011,947.641651031895
689,1.4386591850700001,1.3534244588552355,0.0,False,1008.25,954.8916666666667
690,0.35966479626750003,0.6767122294276178,0.0,False,893.8666666666667,955.5
691,0.38364244935200004,0.6989053852661483,0.0,False,145.34375,955.71875
692,27.226625077449754,5.8877852982498515,0.0,False,511.2157639806253,967.3011889035668
693,0.35966479626750003,0.6767122294276178,0.0,False,898.1,957.2
694,0.9830837764645001,1.1187945030175044,0.0,False,965.2073170731708,956.2317073170732
695,0.5394971944012501,0.8287998323994433,0.0,False,982.4888888888889,958.6
696,0.68336311290825,0.9327834361565946,0.0,False,1008.8421052631579,959.5263157894736
697,0.22778770430275003,0.538542767960634,0.0,False,981.0,962.0
698,0.43159775552100005,0.741301105994235,0.0,False,1008.7777777777778,962.0555555555555
699,1.1389385215137502,1.2042182379508735,0.0,False,531.7368421052631,975.3684210526316
700,0.58745250057025,0.8648512903266076,0.0,False,964.795918367347,963.9387755102041
701,1.1389385215137502,1.2042182379508735,0.0,False,533.8,973.4
702,1.4386591850700001,1.3534244588552355,0.0,False,925.125,964.0
703,0.35966479626750003,0.6767122294276178,0.0,False,1008.3333333333334,964.1666666666666
704,0.25176535738725003,0.5661780718288442,0.0,False,1072.952380952381,963.5238095238095
705,1.1389385215137502,1.2042182379508735,0.0,False,535.8631578947368,971.4315789473684
706,1.1629161745982501,1.216828196875234,0.0,False,537.9381443298969,968.9690721649484
707,1.18689382768275,1.229308812629178,0.0,False,539.989898989899,967.4949494949495
708,1.18689382768275,1.229308812629178,0.0,False,542.0505050505051,965.5252525252525
709,1.18689382768275,1.229308812629178,0.0,False,544.1111111111111,963.5555555555555
710,8.4641115388285,3.2828100039882964,0.0,False,924.9504249291784,977.8767705382436
711,1.1749050011405,1.2230844242157595,0.0,False,546.1632653061224,961.8367346938776
712,1.1749050011405,1.2230844242157595,4.081632653061225,False,548.2244897959183,959.8673469387755
713,3.08112842135825,1.980660129472179,0.0,False,975.6342412451362,970.4241245136187
714,1.1629161745982501,1.216828196875234,7.216494845360824,True,550.2886597938144,958.1443298969073
715,44.47854647174751,7.525413228532343,1.051212938005391,False,569.9059299191375,972.2991913746631
716,0.47955306169000006,0.7813999756478939,0.0,False,495.5,976.5
717,0.13187709196475,0.40976960420972597,0.0,False,953.0909090909091,975.6363636363636
718,6.3780557204770005,2.849700468792402,0.0,False,1146.298872180451,978.0018796992481
719,0.13187709196475,0.40976960420972597,0.0,False,972.0,980.0
720,0.5394971944012501,0.8287998323994433,0.0,False,958.9777777777778,985.2444444444444
721,1.8822457671332502,1.5480793725208106,0.0,False,968.8789808917197,987.6942675159236
722,0.13187709196475,0.40976960420972597,0.0,False,955.0,988.0
723,6.078335056920751,2.781937555126203,0.0,False,282.8500986193294,987.1952662721893
724,4.136145157076251,2.2948428217972388,0.0,False,942.6376811594203,989.5043478260869
725,0.17983239813375002,0.4785078063401353,0.0,False,275.0,994.0
726,1.0789943888025002,1.1720999634718408,0.0,False,898.7666666666667,994.9222222222222
727,3.0211842886470004,1.9612983730778786,0.0,False,267.4484126984127,996.6111111111111
728,0.43159775552100005,0.741301105994235,0.0,False,903.0555555555555,1002.9444444444445
729,15.8492286888545,4.492200431881973,1.2859304084720122,False,201.9871406959153,992.3116490166415
730,64.57181975655851,9.067270503826471,0.0,False,456.10972892684737,969.3626067582621
731,0.8512066844997501,1.041052357688118,0.0,False,328.5211267605634,1003.7183098591549
732,0.73131841907725,0.9649577871401198,0.0,False,299.9016393442623,1004.1475409836065
733,1.4146815319855002,1.3420985320498866,0.0,False,205.66949152542372,1009.5084745762712
734,4.064212197822751,2.274800142531852,0.0,False,553.0884955752213,1010.4926253687315
735,0.47955306169000006,0.7813999756478939,0.0,False,660.6,1008.95
736,0.8871731641265,1.0628188724301422,0.0,False,898.2567567567568,1010.8648648648649
737,3.32090495220325,2.0562848804219747,0.0,False,264.2057761732852,1008.0252707581227
738,1.9541787263867503,1.5773831595131875,0.0,False,207.25153374233128,1013.0
739,0.17983239813375002,0.4785078063401353,0.0,False,592.6,1014.0666666666667
740,80.8766238540185,10.14767538580179,0.0,False,64.7565965016306,994.917284316632
741,1.4626368381545,1.3646563896910877,0.0,False,208.99180327868854,1016.4754098360655
742,1.3547373992742502,1.313356474643364,0.0,False,303.56637168141594,1015.1769911504425
743,2.253899389943,1.6940347791972532,0.0,False,667.4202127659574,1017.2712765957447
744,3.9323351058580003,2.2375890060350088,0.0,False,42.326219512195124,999.0579268292682
745,0.27574301047175004,0.5925258687322894,0.0,False,301.1304347826087,1019.4347826086956
746,3.9323351058580003,2.2375890060350088,0.0,False,39.28963414634146,996.0701219512196
747,114.72108118279026,12.085835394241538,0.0,False,122.43964886613021,1011.7831539345805
748,0.27574301047175004,0.5925258687322894,0.0,False,298.8695652173913,1017.5652173913044
749,7.253240058061251,3.0389327187979585,0.0,False,319.8677685950413,1018.7190082644628
750,1.4506480116122502,1.3590520276560978,0.0,False,209.50413223140495,1019.4710743801653
751,10.490223224468751,3.6546637386348997,0.0,False,33.72114285714286,990.6045714285714
752,1.93020107330225,1.56767609403814,0.0,False,296.06832298136646,1022.4658385093168
753,1.3667262258165,1.3191549861696341,0.0,False,207.69298245614036,1022.5350877192982
754,0.41960892897875,0.7309327477269799,0.0,False,290.8857142857143,1020.5714285714286
755,0.35966479626750003,0.6767122294276178,0.0,False,330.8666666666667,1025.1666666666667
756,6.282145108139001,2.8281929880132175,0.0,False,27.169847328244273,986.4503816793894
757,0.56347484748575,0.8470173895986266,0.0,False,333.5744680851064,1022.8510638297872
758,2.685497145464,1.8491298393780147,0.0,False,338.60267857142856,1026.924107142857
759,7.325173017314751,3.053964629407507,0.0,False,204.37479541734862,1033.9509001636661
760,0.9830837764645001,1.1187945030175044,0.0,False,346.0365853658537,1026.121951219512
761,0.29972066355625004,0.6177509216618626,0.0,False,837.16,1026.16
762,0.8032513783307501,1.0113018437903376,0.0,False,350.2985074626866,1024.2985074626865
763,0.34767596972525006,0.6653381045816733,0.0,False,350.82758620689657,1030.896551724138
764,0.40762010243650004,0.7204151814413337,0.0,False,352.94117647058823,1030.2058823529412
765,0.39563127589425,0.7097417738886351,0.0,False,355.09090909090907,1028.5454545454545
766,1.1029720418870002,1.1850517374645788,0.0,False,853.6304347826087,1031.0
767,9.303329396786001,3.4417098781979085,0.0,False,271.43427835051546,1022.2538659793814
768,0.8392178579575,1.033695005018127,0.0,False,845.1571428571428,1030.7
769,14.338636544531001,4.272764803506228,0.0,False,271.02842809364546,1044.3494983277592
770,1.246837960394,1.259969601637506,0.0,False,726.3173076923077,1033.2692307692307
771,0.9231396437532501,1.084148467572301,0.0,False,318.35064935064935,1036.5844155844156
772,77.98731665733625,9.964764701482107,0.0,False,23.304534973097617,1037.7623366641046
773,0.6593854598237501,0.9162726901261313,0.0,False,619.4363636363636,1039.9272727272728
774,13.319586288439751,4.1181335556236816,0.0,False,231.002700270027,1041.2574257425742
775,1.7263910220840002,1.48260221198847,0.0,False,738.3402777777778,1040.0
776,1.2828044400207501,1.2780130442199191,0.0,False,747.2336448598131,1044.1214953271028
777,0.143865918507,0.4279903930963389,0.0,False,734.0,1044.25
778,0.6953519394505001,0.940930171063011,0.0,False,727.6551724137931,1045.0172413793102
779,0.15585474504925,0.4454665247033967,0.0,False,732.0,1045.0
780,0.51551954131675,0.810172738425713,0.0,False,829.8604651162791,1046.5813953488373
781,0.22778770430275003,0.538542767960634,0.0,False,831.0,1050.0
782,0.17983239813375002,0.4785078063401353,0.0,False,750.0,1051.0
783,31.998178041265252,6.382894769743212,0.0,False,935.2259273136006,1029.4829524166355
784,0.17983239813375002,0.4785078063401353,0.0,False,751.0,1053.0
785,0.23977653084500003,0.5525332215996288,0.0,False,845.9,1052.8
786,3.5726703095905004,2.1328068638467577,0.0,False,912.1409395973154,1055.479865771812
787,4.08818985090725,2.2815005992898754,0.0,False,216.41642228739002,1062.3137829912023
788,3.117094900985,1.9921868618747687,0.0,False,882.6076923076923,1055.0807692307692
789,0.9111508172110001,1.077085535921268,0.0,False,932.8684210526316,1056.25
790,7.68483781358225,3.128040824402557,0.0,False,862.8065522620905,1052.5023400936038
791,0.6473966332815001,0.9079047277233522,0.0,False,330.24074074074076,1057.2777777777778
792,0.9111508172110001,1.077085535921268,0.0,False,930.9078947368421,1058.328947368421
793,0.56347484748575,0.8470173895986266,0.0,False,893.1063829787234,1060.5744680851064
794,0.9111508172110001,1.077085535921268,0.0,False,928.9473684210526,1060.407894736842
795,1.2588267869362502,1.266012655979054,0.0,False,706.7333333333333,1060.3809523809523
796,0.6473966332815001,0.9079047277233522,0.0,False,273.0925925925926,1063.0740740740741
797,0.39563127589425,0.7097417738886351,0.0,False,861.5454545454545,1064.909090909091
798,3.117094900985,1.9921868618747687,0.0,False,754.7,1065.3346153846153
799,9.4232176622085,3.463814857374842,0.0,False,827.6603053435115,1064.2862595419847
800,0.39563127589425,0.7097417738886351,0.0,False,863.4545454545455,1067.090909090909
801,19.67366435583225,5.004926317908412,0.0,False,929.5533211456429,1081.418647166362
802,1.055016735718,1.1590034634432995,0.0,False,949.7613636363636,1078.1363636363637
803,1.0070614295490001,1.1323561436576883,0.0,False,133.07142857142858,1068.6309523809523
804,0.35966479626750003,0.6767122294276178,0.0,False,865.1,1069.2666666666667
805,1.055016735718,1.1590034634432995,0.0,False,951.8295454545455,1076.1704545454545
806,0.39563127589425,0.7097417738886351,0.0,False,301.6969696969697,1070.060606060606
807,0.45557540860550005,0.7616144863678754,0.0,False,799.6842105263158,1070.1842105263158
808,1.8582681140487503,1.5381873902510383,0.0,False,954.6451612903226,1074.6129032258063
809,2.493675920788,1.7818660988135868,0.0,False,130.00480769230768,1072.2403846153845
810,3.3808490849145003,2.074760407780819,0.0,False,670.6560283687943,1068.8475177304965
811,1.8223016344220002,1.5232289727357509,0.0,False,958.3421052631579,1067.7894736842106
812,0.5994413271125001,0.8736317315826855,0.0,False,678.5,1073.0
813,1.0430279091757502,1.1523994013470333,0.0,False,961.1494252873563,1066.5747126436781
814,1.0430279091757502,1.1523994013470333,0.0,False,963.2183908045977,1064.6091954022988
815,9.243385264074751,3.430603976771765,0.0,False,693.6990920881972,1076.1984435797665
816,0.22778770430275003,0.538542767960634,0.0,False,798.1578947368421,1074.5263157894738
817,1.055016735718,1.1590034634432995,0.0,False,965.2840909090909,1062.8863636363637
818,1.0070614295490001,1.1323561436576883,0.0,False,126.19047619047619,1075.8690476190477
819,2.4337317880767504,1.7603191624981918,0.0,False,336.95566502463055,1070.4581280788177
820,0.63540780673925,0.8994589187805361,0.0,False,666.0566037735849,1078.1698113207547
821,1.055016735718,1.1590034634432995,0.0,False,967.3522727272727,1060.9204545454545
822,0.68336311290825,0.9327834361565946,0.0,False,333.5438596491228,1078.7894736842106
823,0.41960892897875,0.7309327477269799,0.0,False,663.0,1077.0
824,1.0070614295490001,1.1323561436576883,0.0,False,124.22619047619048,1077.9404761904761
825,0.5514860209435001,0.8379581196181038,0.0,False,331.0,1078.2391304347825
826,0.44358658206325,0.7515264318683936,0.0,False,341.0,1078.0
827,0.63540780673925,0.8994589187805361,0.0,False,660.0188679245283,1075.9245283018868
828,0.8512066844997501,1.041052357688118,0.0,False,328.5211267605634,1079.4929577464789
829,0.7552960721617501,0.9806491865389393,0.0,False,342.41269841269843,1081.7936507936508
830,0.9830837764645001,1.1187945030175044,0.0,False,746.670731707317,1078.5121951219512
831,1.01905025609125,1.1390764171590395,0.0,False,122.50588235294117,1080.0117647058823
832,1.2228603073095001,1.2477956968003412,0.0,False,346.1764705882353,1080.421568627451
833,6.82164230254025,2.9471316122006623,0.0,False,315.66608084358523,1081.5325131810193
834,0.9111508172110001,1.077085535921268,0.0,False,658.6315789473684,1083.1052631578948
835,8.04450260984975,3.2004029184754104,0.0,False,849.7511177347243,1077.2295081967213
836,1.0070614295490001,1.1323561436576883,0.0,False,120.78571428571429,1082.0833333333333
837,0.6114301536547501,0.8823247987429145,0.0,False,654.5098039215686,1081.8235294117646
838,0.58745250057025,0.8648512903266076,0.0,False,651.5102040816327,1083.1632653061224
839,1.0070614295490001,1.1323561436576883,0.0,False,118.82142857142857,1084.154761904762
840,2.6375418392950003,1.8325453802522627,0.0,False,296.80454545454546,1082.1954545454546
841,1.0070614295490001,1.1323561436576883,0.0,False,116.85714285714286,1086.2261904761904
842,2.925273676309,1.9299155742802396,0.0,False,643.5368852459017,1084.049180327869
843,1.0070614295490001,1.1323561436576883,0.0,False,114.89285714285714,1088.297619047619
844,1.2348491338517502,1.2538974236364044,0.0,False,847.0,1088.0
845,1.0070614295490001,1.1323561436576883,0.0,False,112.92857142857143,1090.3690476190477
846,40.270468355417755,7.160583271991457,0.0,False,195.40458469782672,1088.5546293539744
847,0.011988826542250001,0.12355018433237251,0.0,False,340.0,1094.0
848,1.01905025609125,1.1390764171590395,0.0,False,179.18823529411765,1102.9058823529413
849,8.488089191913001,3.2874565880605577,0.0,False,763.2796610169491,1089.7457627118645
850,1.4866144912390002,1.3757966266937276,0.0,False,818.0887096774194,1094.1290322580646
851,1.01905025609125,1.1390764171590395,0.0,False,177.11764705882354,1100.9411764705883
852,0.56347484748575,0.8470173895986266,0.0,False,774.1914893617021,1091.595744680851
853,1.52258097086575,1.3923398658975221,0.0,False,174.53543307086613,1098.4881889763778
854,1.5465586239502502,1.403260345860545,0.0,False,784.2790697674419,1095.8139534883721
855,1.01905025609125,1.1390764171590395,0.0,False,171.95294117647057,1096.0235294117647
856,4.519787606428251,2.398910651589245,0.0,False,776.8832891246684,1102.2413793103449
857,9.19542995790575,3.421693302043302,0.0,False,796.1199478487614,1095.6245110821383
858,0.99507260300675,1.1255957480511143,0.0,False,169.86746987951807,1093.566265060241
859,1.0070614295490001,1.1323561436576883,0.0,False,167.79761904761904,1091.845238095238
860,5.67071495448425,2.6870389887328403,0.0,False,846.9894291754757,1095.416490486258
861,0.7433072456195001,0.9728351242687119,0.0,False,305.0806451612903,1102.8870967741937
862,5.5388378625195,2.655610550972452,0.0,False,906.9567099567099,1096.9610389610389
863,0.51551954131675,0.810172738425713,0.0,False,314.4651162790698,1103.6976744186047
864,13.895049962467752,4.206153478926415,1.7256255392579811,False,850.0250215703193,1113.455565142364
865,5.850547352618,2.7293127793821754,0.0,False,914.5983606557377,1112.5573770491803
866,0.6593854598237501,0.9162726901261313,0.0,False,898.6909090909091,1116.090909090909
867,27.742144618766503,5.9432647244065535,0.0,False,136.11927398444251,1097.8025064822818
868,2.349810002281,1.7297025806532151,0.0,False,891.8928571428571,1111.719387755102
869,0.40762010243650004,0.7204151814413337,0.0,False,217.64705882352942,1120.5882352941176
870,1.71440219554175,1.4774453191047516,0.0,False,136.51048951048952,1115.979020979021
871,5.4429272501815005,2.6325178468621453,0.0,False,228.43832599118943,1118.7665198237885
872,3.0211842886470004,1.9612983730778786,0.0,False,808.4801587301587,1111.047619047619
873,2.5656088800415002,1.807383380025536,0.0,False,138.99065420560748,1118.5280373831777
874,3.1890278602385003,2.015042525833591,0.0,False,884.1428571428571,1120.781954887218
875,1.7024133689995002,1.472270363383023,0.0,False,141.70422535211267,1121.0774647887324
876,0.25176535738725003,0.5661780718288442,0.0,False,772.4285714285714,1122.4285714285713
877,4.100178677449501,2.284843459103626,0.0,False,806.6812865497076,1125.0584795321638
878,5.4788937298082505,2.6412012718067124,0.0,False,739.2669584245076,1119.4748358862144
879,1.7024133689995002,1.472270363383023,0.0,False,143.69014084507043,1123.1267605633802
880,0.56347484748575,0.8470173895986266,0.0,False,730.8723404255319,1120.063829787234
881,0.8512066844997501,1.041052357688118,0.0,False,818.5070422535211,1123.1690140845071
882,1.3667262258165,1.3191549861696341,0.0,False,917.2894736842105,1121.578947368421
883,3.117094900985,1.9921868618747687,0.0,False,825.2846153846153,1125.8653846153845
884,0.43159775552100005,0.741301105994235,0.0,False,241.88888888888889,1125.3333333333333
885,0.56347484748575,0.8470173895986266,0.0,False,914.1276595744681,1125.2553191489362
886,2.52964240041475,1.7946700917569338,0.0,False,146.44075829383885,1125.6777251184835
887,11.725072358320501,3.8637838696664746,0.0,False,712.3875255623722,1112.5276073619632
888,2.5176535738725003,1.7904122682215617,0.0,False,149.25238095238095,1128.7285714285715
889,13.931016442094501,4.211593645216793,0.0,False,716.7779690189328,1142.8657487091223
890,0.32369831664075005,0.6419855896445084,100.0,True,846.2222222222222,1129.5185185185185
891,0.13187709196475,0.40976960420972597,0.0,False,861.0,1130.0
892,1.3547373992742502,1.313356474643364,0.0,False,226.39823008849558,1133.283185840708
893,0.27574301047175004,0.5925258687322894,100.0,True,845.5217391304348,1131.9565217391305
894,0.45557540860550005,0.7616144863678754,0.0,False,801.7105263157895,1133.421052631579
895,1.2588267869362502,1.266012655979054,0.0,False,773.2571428571429,1132.5238095238096
896,0.527508367859,0.8195392084194519,0.0,False,802.0,1136.5
897,2.02611168564025,1.6061523963208426,100.0,True,844.0887573964498,1139.1656804733727
898,0.17983239813375002,0.4785078063401353,0.0,False,775.0,1139.0
899,0.29972066355625004,0.6177509216618626,100.0,True,839.36,1145.64
900,0.35966479626750003,0.6767122294276178,0.0,False,757.5666666666667,1153.2666666666667
901,0.19182122467600002,0.49420073732949005,0.0,False,735.9375,1155.6875
902,2.253899389943,1.6940347791972532,0.0,False,711.8670212765958,1165.1755319148936
903,4.795530616900001,2.4710036866474505,0.0,False,745.9725,1160.2675
904,1.5705362770347502,1.4140964940066088,0.0,False,672.4274809160305,1169.854961832061
905,0.8152402048730001,1.018820920133808,0.0,False,743.4705882352941,1170.735294117647
906,95.03542800041576,11.000130230181854,0.0,False,40.36798284344645,1151.155922795509
907,91.66656774204351,10.8034021946475,0.0,False,130.0874967303165,1161.8622809312058
908,17.503686751685002,4.7208459147595905,0.0,False,195.9082191780822,1167.6595890410958
909,35.73869192244725,6.745659036207432,0.0,False,232.01744381080175,1170.3824220060383
910,749.4215471560476,30.890016987947536,0.0,False,474.48072308430653,1115.2206366981284
911,19.421898998445002,4.972798994396659,0.0,False,699.2216049382716,1183.8203703703705
912,45.569529687092256,7.617146922082363,0.0,False,780.9797421731123,1173.7413838463563
913,20.285094509487003,5.08210433759176,4.078014184397164,False,831.186170212766,1172.9397163120568
914,41.133663866459756,7.236919749079744,0.2623141941125036,False,874.475371611775,1166.015447391431
915,684.1064201538695,29.513240197360826,0.0,False,1068.859819144089,1095.2065998387718
